{
    "QuestData": {
        "ActiveQuests": [
        ],
        "CompletedQuests": [
        ]
    },
    "jacket": 0,
    "FactionData": [
    ],
    "face": 0,
    "ItemGiverChained": [
    ],
    "ScriptStoreddata": {
    },
    "hair": 0,
    "ItemGiversList": [
    ],
    "TransportData": [
    ],
    "DialogData": [
    ],
    "PlayerCompanionId": 0,
    "body": 0,
    "isActive": 0b,
    "bodyColor": 0,
    "NpcsTimers": [
    ],
    "shoes": 0,
    "leg": 0,
    "PlayerName": "Marlonxdx356",
    "isMale": 0b,
    "UUID": "f5690956-5cf8-3341-81a1-f93a01e3c144",
    "eyesColor": 0,
    "MailData": [
    ],
    "BankData": [
    ],
    "peculiarities": [I;],
    "hairColor": 0
}
