{"stats":{"minecraft:used":{"world:swordgreen":24,"minecraftdungeonsv1:reinforced_iron_sword":5,"minecraftdungeonsv1:reinforced_iron_pickaxe":20},"minecraft:killed_by":{"world:unicorn_2":7,"world:appleant_2":1,"world:goblin":1,"themutantmobsmod:mutant_zombie_villager":1},"minecraft:killed":{"world:appleant_2":1,"minecraft:zombie":2,"world:unicorn_2":2,"minecraftdungeonsv1:piggy_bank":3,"creaturecraft:dikdik":1},"minecraft:dropped":{"supplementaries:ash":1,"tombstone:grave_key":5,"minecraft:rotten_flesh":4},"minecraft:mined":{"creaturecraft:sav_grass_tall":2,"minecraft:grass":11,"minecraft:tall_grass":3,"world:leavesoak":1,"minecraft:fern":3},"minecraft:picked_up":{"world:swordgreen":1,"mmorpg:gems/sapphire/0":1,"minecraft:sweet_berries":1,"world:crystal_9":1,"minecraftdungeonsv1:reinforced_iron_pickaxe":2,"minecraft:oak_log":3,"mmorpg:jewelry/necklace/iron":2,"minecraft:shield":4,"minecraft:arrow":23,"minecraft:rotten_flesh":5,"creaturecraft:sav_grass_tall":2,"minecraft:bow":1,"minecraft:wheat_seeds":2,"knightquest:small_essence":1,"minecraftdungeonsv1:reinforced_iron_sword":1,"minecraft:emerald":33,"minecraft:bread":1,"supplementaries:ash":1,"minecraft:iron_sword":1,"minecraft:iron_boots":1},"minecraft:custom":{"minecraft:time_since_rest":2295,"minecraft:blood":0,"minecraft:magic_shield":0,"minecraft:sprint_one_cm":49934,"minecraft:damage_absorbed":2430,"minecraft:damage_taken":2900,"minecraft:walk_one_cm":38721,"minecraft:mob_kills":10,"minecraft:drop":10,"minecraft:dexterity":2,"minecraft:intelligence":0,"minecraft:damage_dealt":3829,"minecraft:health":93,"minecraft:move_speed":0,"minecraft:swim_one_cm":719,"minecraft:fly_one_cm":92532,"minecraft:crouch_one_cm":5410,"minecraft:play_time":28288,"tombstone:undead_killed":2,"minecraft:deaths":10,"minecraft:sneak_time":5829,"minecraft:walk_under_water_one_cm":1534,"minecraft:jump":452,"minecraft:energy":80,"minecraft:leave_game":3,"minecraft:strength":2,"minecraft:time_since_death":2707,"minecraft:walk_on_water_one_cm":789,"minecraft:total_world_time":28288,"minecraft:levels_gained":2,"minecraft:mana":63,"minecraft:fall_one_cm":9883}},"DataVersion":3465}