{"stats":{"minecraft:crafted":{"minecraft:oak_planks":12},"minecraft:used":{"minecraft:oak_planks":3,"world:swordgreen":173,"minecraftdungeonsv1:reinforced_iron_sword":5,"minecraftdungeonsv1:reinforced_iron_pickaxe":20},"minecraft:killed_by":{"world:unicorn_2":7,"world:appleant_2":1,"world:goblin":1,"themutantmobsmod:mutant_zombie_villager":1,"minecraft:skeleton":1},"minecraft:killed":{"world:appleant_2":2,"minecraft:zombie":9,"minecraft:spider":1,"world:unicorn_2":3,"minecraftdungeonsv1:piggy_bank":3,"creaturecraft:dikdik":1,"minecraft:skeleton":1},"minecraft:dropped":{"supplementaries:ash":1,"tombstone:grave_key":5,"minecraft:rotten_flesh":4},"minecraft:mined":{"creaturecraft:sav_grass_tall":2,"minecraft:grass":11,"minecraft:tall_grass":3,"world:leavesoak":1,"minecraft:fern":3},"minecraft:custom":{"minecraft:time_since_rest":2656,"minecraft:blood":0,"minecraft:magic_shield":0,"minecraft:sprint_one_cm":73961,"minecraft:damage_absorbed":3335,"minecraft:damage_taken":4189,"minecraft:walk_one_cm":92360,"tombstone:sneak_grave":1,"minecraft:mob_kills":24,"minecraft:drop":10,"minecraft:dexterity":2,"minecraft:intelligence":0,"minecraft:damage_dealt":6922,"minecraft:health":124,"minecraft:move_speed":0,"minecraft:swim_one_cm":719,"minecraft:fly_one_cm":141535,"minecraft:crouch_one_cm":8440,"minecraft:play_time":39919,"tombstone:undead_killed":10,"minecraft:deaths":11,"minecraft:sneak_time":8082,"minecraft:walk_under_water_one_cm":1534,"minecraft:jump":787,"minecraft:energy":100,"minecraft:leave_game":4,"minecraft:time_since_death":3847,"minecraft:walk_on_water_one_cm":789,"minecraft:strength":4,"minecraft:total_world_time":39919,"minecraft:mana":84,"minecraft:levels_gained":4,"minecraft:fall_one_cm":17523},"minecraft:picked_up":{"minecraft:stick":1,"world:crystal_10":3,"world:ring_2":1,"world:swordgreen":1,"mmorpg:gems/sapphire/0":1,"minecraft:sweet_berries":1,"world:crystal_9":2,"minecraftdungeonsv1:reinforced_iron_pickaxe":2,"minecraft:oak_log":6,"mmorpg:jewelry/necklace/iron":2,"world:crystal_1":1,"tombstone:grave_dust":1,"mmorpg:weapon/staff/wood":4,"minecraft:shield":4,"spartanweaponry:wooden_longbow":1,"minecraft:bone":4,"minecraft:arrow":26,"minecraft:rotten_flesh":9,"creaturecraft:sav_grass_tall":2,"minecraft:bow":1,"minecraft:wheat_seeds":2,"knightquest:small_essence":2,"minecraftdungeonsv1:reinforced_iron_sword":1,"tombstone:bag_of_seeds":1,"minecraft:bread":1,"minecraft:emerald":33,"supplementaries:ash":1,"mmorpg:gems/amethyst/0":1,"minecraft:iron_sword":1,"minecraft:iron_boots":1}},"DataVersion":3465}