{"stats":{"minecraft:picked_up":{"minecraft:rotten_flesh":2,"minecraft:rabbit":1,"minecraft:white_bed":1,"minecraft:sugar_cane":2},"minecraft:custom":{"minecraft:time_since_rest":6460,"minecraft:open_chest":6,"minecraft:crouch_one_cm":149,"minecraft:play_time":8783,"minecraft:sprint_one_cm":36510,"minecraft:damage_taken":20,"minecraft:walk_one_cm":5317,"minecraft:sneak_time":46,"minecraft:walk_under_water_one_cm":113,"minecraft:drop":5,"minecraft:jump":229,"minecraft:leave_game":1,"minecraft:walk_on_water_one_cm":43,"minecraft:time_since_death":8783,"minecraft:total_world_time":8783,"minecraft:sleep_in_bed":1,"minecraft:swim_one_cm":263,"minecraft:talked_to_villager":1,"minecraft:fall_one_cm":6130,"minecraft:fly_one_cm":92352},"minecraft:mined":{"minecraft:white_bed":1},"minecraft:used":{"minecraft:bread":2},"minecraft:dropped":{"minecraft:rotten_flesh":2,"minecraft:sugar_cane":2,"minecraft:rabbit":1}},"DataVersion":3465}