{"stats":{"minecraft:crafted":{"minecraft:oak_planks":20,"minecraft:crafting_table":1,"minecraft:wooden_pickaxe":1,"minecraft:oak_boat":1,"minecraft:stick":4},"minecraft:killed_by":{"minecraft:skeleton":1,"world:unicorn_2":7,"world:appleant_2":1,"world:goblin":1,"themutantmobsmod:mutant_zombie_villager":1},"minecraft:used":{"minecraft:oak_planks":3,"minecraftdungeonsv1:fist":42,"minecraft:shield":1,"minecraft:rotten_flesh":5,"world:swordgreen":263,"spartanweaponry:wooden_longbow":4,"minecraft:crafting_table":1,"minecraftdungeonsv1:reinforced_iron_pickaxe":20,"minecraft:apple":1,"tombstone:bag_of_seeds":2,"minecraftdungeonsv1:reinforced_iron_sword":5,"tombstone:gift":4,"minecraft:oak_boat":1},"minecraft:killed":{"creaturecraft:greater_kudu":1,"minecraft:spider":1,"minecraftdungeonsv1:piggy_bank":5,"world:appleant_2":3,"minecraft:skeleton":3,"minecraft:zombie":9,"minecraft:chicken":4,"world:unicorn_2":3,"creaturecraft:eland":1,"creeperoverhaul:savannah_creeper":1,"creaturecraft:dikdik":1},"minecraft:dropped":{"minecraft:wheat_seeds":2,"farmersdelight:cabbage_seeds":5,"creaturecraft:savannah_bush_tall":1,"minecraft:rotten_flesh":4,"supplementaries:ash":2,"tombstone:grave_key":5,"minecraft:beetroot_seeds":3,"tombstone:grave_dust":2},"minecraft:mined":{"minecraft:crafting_table":1,"minecraft:tall_grass":3,"creaturecraft:sav_grass_tall":2,"creaturecraft:savannah_bush_tall":1,"minecraft:grass":14,"world:leavesoak":1,"minecraft:fern":5},"minecraft:custom":{"minecraft:blood":0,"spartanshields:shield_bash_hits":6,"minecraft:mob_kills":36,"minecraft:dexterity":2,"minecraft:intelligence":0,"minecraft:move_speed":0,"minecraft:interact_with_crafting_table":2,"minecraft:leave_game":4,"minecraft:time_since_death":15847,"minecraft:levels_gained":4,"minecraft:mana":84,"minecraft:time_since_rest":14656,"minecraft:magic_shield":0,"minecraft:walk_one_cm":135336,"minecraft:damage_taken":5304,"minecraft:sprint_one_cm":112350,"minecraft:damage_absorbed":3979,"minecraft:damage_blocked_by_shield":35,"tombstone:sneak_grave":1,"minecraft:drop":16,"minecraft:damage_dealt":9012,"minecraft:health":134,"minecraft:swim_one_cm":719,"minecraft:fly_one_cm":194667,"minecraft:crouch_one_cm":8440,"minecraft:play_time":51919,"tombstone:undead_killed":12,"minecraft:deaths":11,"minecraft:sneak_time":8087,"minecraft:walk_under_water_one_cm":1534,"minecraft:boat_one_cm":3203,"minecraft:jump":1052,"minecraft:energy":100,"minecraft:strength":6,"minecraft:walk_on_water_one_cm":1128,"minecraft:total_world_time":51919,"minecraft:fall_one_cm":25111},"minecraft:picked_up":{"minecraft:wooden_axe":1,"minecraft:crafting_table":1,"minecraft:feather":1,"minecraftdungeonsv1:mace":1,"minecraft:chicken":4,"mmorpg:gems/sapphire/0":1,"minecraftdungeonsv1:reinforced_iron_pickaxe":2,"minecraft:oak_log":8,"world:crystal_1":1,"minecraft:shield":6,"minecraftdungeonsv1:fist":1,"minecraft:bone":6,"minecraft:apple":1,"creaturecraft:sav_grass_tall":2,"minecraft:bow":1,"minecraft:wheat_seeds":3,"minecraft:beef":2,"minecraft:oak_boat":1,"tombstone:bag_of_seeds":1,"minecraft:iron_sword":1,"mmorpg:gems/amethyst/0":1,"minecraft:iron_boots":1,"mmorpg:gems/opal/0":1,"world:crystal_10":3,"world:ring_2":1,"minecraft:stick":1,"world:swordgreen":1,"minecraft:sweet_berries":1,"world:crystal_9":2,"mmorpg:jewelry/necklace/iron":2,"tombstone:grave_dust":1,"mmorpg:weapon/staff/wood":4,"spartanweaponry:wooden_longbow":1,"minecraft:tnt":1,"minecraft:arrow":31,"minecraft:rotten_flesh":9,"creaturecraft:savannah_bush_tall":1,"minecraftdungeonsv1:reinforced_iron_sword":1,"knightquest:small_essence":3,"minecraft:emerald":61,"minecraft:bread":1,"supplementaries:ash":2}},"DataVersion":3465}