{"stats":{"minecraft:killed_by":{"minecraft:wither_skeleton":4,"minecraft:skeleton":1,"minecraft:zombie":3,"themutantmobsmod:mutantstray":1},"minecraft:crafted":{"minecraft:wooden_sword":2,"minecraft:crafting_table":1,"minecraft:spruce_planks":44,"minecraft:wooden_pickaxe":1,"minecraft:stone_axe":1,"minecraft:stick":20,"minecraft:stone_pickaxe":2,"minecraft:wooden_axe":1,"minecraft:stone_sword":2,"productivebees:spruce_wood_nest":4},"minecraft:mined":{"minecraft:dark_oak_planks":5,"minecraft:spruce_planks":2,"minecraft:grass_block":6,"minecraft:rose_bush":1,"minecraft:cobblestone":2,"world:oak":1,"minecraft:spruce_leaves":6,"minecraft:spawner":2,"minecraft:spruce_stairs":1,"productivebees:spruce_wood_nest":1,"minecraft:spruce_log":18,"minecraft:smooth_quartz":3,"minecraft:dirt":6,"minecraft:stone":26,"minecraft:oak_leaves":1},"minecraft:used":{"epicfight:skillbook":2,"armoroftheages:bamboo_hat":1,"minecraft:stone_sword":89,"minecraft:stone_pickaxe":29,"epicpaladins:assassin_chestplate":1,"minecraftdungeonsv1:fist":34,"minecraft:spruce_planks":3,"minecraft:wooden_pickaxe":12,"minecraft:dirt":1,"samurai_dynasty:white_samurai_helmet_master":1,"mowziesmobs:frostmaw_spawn_egg":1,"minecraft:crafting_table":1,"jet_and_elias_armors:the_dames_armor_helmet":1,"minecraftdungeonsv1:anchor":9,"wom:agony":12,"minecraft:wooden_axe":12,"wom:diamond_armbracelet":1,"minecraft:chicken":3,"epiceldenring:maraisexecutionerssword":36,"minecraft:stone_axe":11,"minecraftdungeonsv1:battlestaff":9,"minecraft:diamond_sword":33,"minecraft:cobblestone":10,"minecraft:sweet_berries":1,"minecraft:cooked_porkchop":1,"nether_weaponry:stormlander":16},"minecraft:custom":{"minecraft:blood":0,"lootr:looted_stat":3,"minecraft:mob_kills":23,"minecraft:dexterity":2,"minecraft:intelligence":0,"minecraft:move_speed":0,"minecraft:interact_with_crafting_table":5,"minecraft:damage_dealt_resisted":509,"minecraft:time_since_death":2295,"minecraft:leave_game":13,"minecraft:levels_gained":2,"minecraft:mana":60,"minecraft:time_since_rest":1,"minecraft:waystone_activated":1,"minecraft:magic_shield":0,"minecraft:damage_absorbed":994,"minecraft:sprint_one_cm":161574,"minecraft:damage_taken":3573,"minecraft:walk_one_cm":116204,"minecraft:drop":19,"minecraft:damage_dealt":4733,"minecraft:health":90,"minecraft:swim_one_cm":47195,"minecraft:fly_one_cm":334802,"minecraft:crouch_one_cm":37932,"minecraft:play_time":156581,"tombstone:undead_killed":5,"minecraft:deaths":10,"minecraft:sneak_time":46882,"minecraft:walk_under_water_one_cm":1833,"minecraft:jump":842,"minecraft:energy":80,"minecraft:strength":2,"minecraft:walk_on_water_one_cm":25500,"minecraft:total_world_time":156581,"minecraft:fall_one_cm":18029},"minecraft:dropped":{"minecraft:oak_log":3,"tombstone:gift":1,"minecraft:feather":2,"kenjiscombatforms:nether_charge":1,"minecraft:emerald":23,"patchouli:guide_book":1,"minecraft:dirt":9,"minecraft:tipped_arrow":1,"productivebees:spruce_wood_nest":1,"tombstone:grave_key":1,"minecraft:wooden_axe":1,"world:oak":1,"minecraft:wooden_sword":2,"minecraft:arrow":1,"mmorpg:gems/amethyst/0":1,"minecraft:cyan_carpet":15,"minecraft:spruce_sapling":2,"minecraft:bone":1},"minecraft:killed":{"creaturecraft:pronghorn":2,"minecraft:spider":1,"minecraftdungeonsv1:piggy_bank":10,"world:appleant_2":1,"minecraft:zombie":1,"minecraft:chicken":3,"minecraft:stray":1,"minecraft:wither_skeleton":3},"minecraft:picked_up":{"minecraft:wooden_axe":2,"minecraft:iron_chestplate":1,"minecraft:air":0,"minecraft:feather":2,"minecraft:chicken":3,"minecraft:diamond_sword":1,"minecraftdungeonsv1:anchor":2,"minecraft:oak_log":3,"minecraftdungeonsv1:illager_rune_8":1,"minecraftdungeonsv1:fist":3,"minecraft:dirt":14,"minecraft:string":1,"minecraft:cooked_salmon":1,"kenjiscombatforms:nether_charge":1,"minecraft:bone":1,"minecraft:cyan_carpet":15,"minecraft:apple":6,"minecraft:bow":4,"minecraft:spruce_planks":2,"minecraftdungeonsv1:battlestaff":2,"minecraft:smooth_quartz":2,"mmorpg:invisible_item":2,"minecraft:iron_sword":5,"mmorpg:gems/amethyst/0":2,"minecraft:egg":2,"minecraft:tipped_arrow":1,"minecraft:stick":7,"minecraft:cooked_porkchop":4,"minecraft:sweet_berries":1,"patchouli:guide_book":1,"minecraft:spruce_stairs":1,"epicfight:skillbook":1,"kenjiscombatforms:fist":1,"mmorpg:jewelry/necklace/iron":1,"minecraft:spruce_sapling":7,"mmorpg:weapon/staff/wood":4,"minecraft:spruce_log":25,"minecraft:dark_oak_planks":5,"world:oak":1,"productivebees:spruce_wood_nest":1,"minecraftdungeonsv1:blank_rune":2,"minecraft:arrow":29,"minecraft:cooked_cod":1,"knightquest:small_essence":1,"minecraftdungeonsv1:double_axe":1,"minecraft:emerald":137,"minecraft:cobblestone":28}},"DataVersion":3465}