{"stats":{"minecraft:custom":{"minecraft:time_since_rest":32567,"minecraft:blood":1500,"minecraft:magic_shield":0,"minecraft:sprint_one_cm":7153,"minecraft:play_time":32567,"minecraft:walk_one_cm":6525,"minecraft:mob_kills":1,"minecraft:drop":2,"minecraft:dexterity":114,"minecraft:jump":35,"minecraft:intelligence":10,"minecraft:energy":2943,"minecraft:damage_dealt":72,"minecraft:leave_game":3,"minecraft:health":4822,"minecraft:move_speed":0,"minecraft:time_since_death":27443,"minecraft:strength":401,"minecraft:total_world_time":32567,"minecraft:fly_one_cm":4747,"minecraft:levels_gained":100,"minecraft:fall_one_cm":894,"minecraft:mana":0},"minecraft:picked_up":{"minecraft:bone":2,"mmorpg:weapon/staff/wood":2},"minecraft:used":{"minecraft:iron_sword":1},"minecraft:dropped":{"minecraft:bone":2},"minecraft:killed":{"minecraft:skeleton":1}},"DataVersion":3465}