{"stats":{"minecraft:crafted":{"minecraft:oak_planks":32,"minecraft:crafting_table":1,"minecraft:cooked_chicken":4,"minecraft:wooden_pickaxe":1,"minecraft:furnace":1,"minecraft:air":0,"minecraft:oak_boat":1,"minecraft:stick":4},"minecraft:killed_by":{"minecraft:skeleton":1,"world:unicorn_2":7,"world:appleant_2":1,"kenjiscombatforms:undead_sensei":2,"world:goblin":1,"themutantmobsmod:mutant_zombie_villager":1},"minecraft:used":{"minecraft:oak_planks":5,"minecraft:wooden_pickaxe":15,"minecraftdungeonsv1:fist":82,"minecraft:shield":1,"minecraftdungeonsv1:mace":76,"minecraft:rotten_flesh":5,"minecraft:dirt":6,"world:swordgreen":305,"spartanweaponry:wooden_longbow":5,"minecraft:crafting_table":2,"minecraft:wooden_axe":1,"minecraftdungeonsv1:reinforced_iron_pickaxe":20,"minecraft:apple":1,"tombstone:bag_of_seeds":2,"minecraft:furnace":1,"minecraftdungeonsv1:reinforced_iron_sword":5,"tombstone:gift":4,"minecraft:oak_boat":1},"minecraft:broken":{"spartanweaponry:wooden_longbow":1},"minecraft:killed":{"minecraft:pig":1,"creaturecraft:greater_kudu":1,"minecraft:spider":1,"minecraftdungeonsv1:piggy_bank":5,"world:appleant_2":3,"minecraft:skeleton":3,"minecraft:zombie":12,"minecraft:chicken":4,"world:unicorn_2":3,"creaturecraft:eland":1,"creeperoverhaul:savannah_creeper":1,"creaturecraft:dikdik":1},"minecraft:dropped":{"minecraft:wheat_seeds":2,"farmersdelight:cabbage_seeds":5,"creaturecraft:savannah_bush_tall":1,"minecraft:rotten_flesh":4,"supplementaries:ash":2,"tombstone:grave_key":5,"minecraft:beetroot_seeds":3,"tombstone:grave_dust":2},"minecraft:mined":{"minecraft:crafting_table":2,"minecraft:grass_block":2,"minecraft:tall_grass":3,"minecraft:furnace":1,"creaturecraft:sav_grass_tall":2,"creaturecraft:savannah_bush_tall":1,"minecraft:grass":17,"minecraft:oak_log":4,"minecraft:dirt":4,"minecraft:stone":8,"world:leavesoak":1,"minecraft:fern":5},"minecraft:custom":{"minecraft:blood":0,"minecraft:interact_with_furnace":3,"spartanshields:shield_bash_hits":6,"minecraft:mob_kills":41,"minecraft:dexterity":2,"minecraft:intelligence":0,"minecraft:move_speed":0,"minecraft:interact_with_crafting_table":5,"minecraft:leave_game":4,"minecraft:time_since_death":8536,"minecraft:levels_gained":4,"minecraft:mana":84,"minecraft:time_since_rest":8210,"minecraft:magic_shield":0,"minecraft:walk_one_cm":160697,"minecraft:damage_taken":6038,"minecraft:sprint_one_cm":124303,"minecraft:damage_absorbed":3981,"minecraft:damage_blocked_by_shield":35,"tombstone:sneak_grave":1,"minecraft:drop":16,"minecraft:damage_dealt":9807,"minecraft:health":134,"minecraft:swim_one_cm":719,"minecraft:fly_one_cm":208458,"minecraft:crouch_one_cm":8735,"minecraft:play_time":63919,"tombstone:undead_killed":15,"minecraft:deaths":13,"minecraft:sneak_time":8247,"minecraft:walk_under_water_one_cm":1534,"minecraft:boat_one_cm":3203,"minecraft:jump":1235,"minecraft:energy":100,"minecraft:strength":6,"minecraft:walk_on_water_one_cm":1128,"minecraft:total_world_time":63919,"minecraft:fall_one_cm":28013},"minecraft:picked_up":{"minecraft:wooden_axe":1,"minecraft:crafting_table":2,"minecraft:feather":1,"minecraftdungeonsv1:mace":1,"minecraft:chicken":4,"mmorpg:gems/sapphire/0":1,"minecraftdungeonsv1:reinforced_iron_pickaxe":2,"minecraft:oak_log":11,"world:crystal_1":1,"minecraft:shield":6,"minecraft:dirt":6,"minecraftdungeonsv1:fist":1,"minecraft:bone":8,"minecraft:apple":1,"creaturecraft:sav_grass_tall":2,"minecraft:bow":1,"minecraft:wheat_seeds":3,"minecraft:beef":2,"minecraft:oak_boat":1,"tombstone:bag_of_seeds":1,"minecraft:furnace":1,"mmorpg:skill_gems/support/dex":1,"minecraft:iron_sword":1,"mmorpg:gems/amethyst/0":1,"minecraft:iron_boots":1,"mmorpg:gems/opal/0":1,"world:crystal_10":3,"world:ring_2":1,"minecraft:stick":1,"world:swordgreen":1,"minecraft:sweet_berries":1,"world:crystal_9":2,"minecraft:porkchop":3,"mmorpg:jewelry/necklace/iron":2,"tombstone:grave_dust":1,"mmorpg:weapon/staff/wood":4,"spartanweaponry:wooden_longbow":1,"minecraft:tnt":1,"minecraft:arrow":32,"minecraft:rotten_flesh":9,"creaturecraft:savannah_bush_tall":1,"minecraftdungeonsv1:reinforced_iron_sword":1,"knightquest:small_essence":5,"minecraft:emerald":61,"minecraft:bread":1,"supplementaries:ash":3,"minecraft:cobblestone":8}},"DataVersion":3465}