{"stats":{"minecraft:crafted":{"minecraft:wooden_sword":2,"minecraft:crafting_table":1,"minecraft:spruce_planks":44,"minecraft:wooden_pickaxe":1,"minecraft:stone_axe":1,"minecraft:stick":20,"minecraft:stone_pickaxe":2,"minecraft:wooden_axe":1,"minecraft:stone_sword":2,"productivebees:spruce_wood_nest":4},"minecraft:custom":{"minecraft:blood":0,"lootr:looted_stat":3,"minecraft:mob_kills":11,"minecraft:dexterity":2,"minecraft:intelligence":0,"minecraft:move_speed":0,"minecraft:interact_with_crafting_table":5,"minecraft:damage_dealt_resisted":509,"minecraft:leave_game":6,"minecraft:time_since_death":4041,"minecraft:levels_gained":2,"minecraft:mana":60,"minecraft:time_since_rest":3396,"minecraft:magic_shield":0,"minecraft:damage_absorbed":863,"minecraft:sprint_one_cm":74339,"minecraft:damage_taken":2343,"minecraft:walk_one_cm":53939,"minecraft:drop":14,"minecraft:damage_dealt":2465,"minecraft:health":105,"minecraft:swim_one_cm":47195,"minecraft:fly_one_cm":138798,"minecraft:crouch_one_cm":5482,"minecraft:play_time":95258,"tombstone:undead_killed":5,"minecraft:deaths":6,"minecraft:sneak_time":29694,"minecraft:walk_under_water_one_cm":1833,"minecraft:jump":298,"minecraft:energy":80,"minecraft:walk_on_water_one_cm":24407,"minecraft:strength":4,"minecraft:total_world_time":95258,"minecraft:fall_one_cm":6746},"minecraft:dropped":{"tombstone:gift":1,"minecraft:feather":2,"kenjiscombatforms:nether_charge":1,"patchouli:guide_book":1,"minecraft:dirt":9,"minecraft:tipped_arrow":1,"productivebees:spruce_wood_nest":1,"world:oak":1,"minecraft:wooden_sword":2,"minecraft:arrow":1,"minecraft:cyan_carpet":15,"minecraft:spruce_sapling":2,"minecraft:bone":1},"minecraft:used":{"epicfight:skillbook":2,"minecraft:stone_sword":89,"minecraft:stone_pickaxe":29,"minecraft:spruce_planks":3,"minecraft:wooden_pickaxe":12,"mowziesmobs:frostmaw_spawn_egg":1,"minecraft:crafting_table":1,"minecraft:wooden_axe":12,"wom:diamond_armbracelet":1,"minecraft:chicken":3,"minecraft:stone_axe":11,"minecraft:diamond_sword":23,"minecraft:cobblestone":10},"minecraft:mined":{"minecraft:dark_oak_planks":5,"minecraft:spruce_planks":2,"minecraft:grass_block":4,"minecraft:rose_bush":1,"minecraft:cobblestone":2,"world:oak":1,"minecraft:spruce_leaves":5,"minecraft:spawner":2,"minecraft:spruce_stairs":1,"productivebees:spruce_wood_nest":1,"minecraft:spruce_log":11,"minecraft:smooth_quartz":3,"minecraft:dirt":5,"minecraft:stone":26,"minecraft:oak_leaves":1},"minecraft:picked_up":{"minecraft:iron_chestplate":1,"minecraft:air":0,"minecraft:feather":2,"minecraft:chicken":3,"minecraft:diamond_sword":1,"minecraft:dirt":9,"kenjiscombatforms:nether_charge":1,"minecraft:bone":1,"minecraft:cyan_carpet":15,"minecraft:bow":4,"minecraft:spruce_planks":2,"minecraft:smooth_quartz":2,"minecraft:iron_sword":5,"minecraft:egg":2,"minecraft:tipped_arrow":1,"minecraft:stick":3,"patchouli:guide_book":1,"minecraft:spruce_stairs":1,"epicfight:skillbook":1,"mmorpg:jewelry/necklace/iron":1,"minecraft:spruce_sapling":2,"mmorpg:weapon/staff/wood":4,"minecraft:spruce_log":11,"minecraft:dark_oak_planks":5,"world:oak":1,"productivebees:spruce_wood_nest":1,"minecraft:arrow":1,"knightquest:small_essence":1,"minecraftdungeonsv1:double_axe":1,"minecraft:emerald":14,"minecraft:cobblestone":28},"minecraft:killed_by":{"minecraft:wither_skeleton":4,"minecraft:skeleton":1,"minecraft:zombie":1},"minecraft:killed":{"creaturecraft:pronghorn":2,"minecraftdungeonsv1:piggy_bank":1,"minecraft:zombie":1,"minecraft:chicken":3,"minecraft:stray":1,"minecraft:wither_skeleton":3}},"DataVersion":3465}