{"stats":{"minecraft:used":{"minecraft:iron_sword":1},"minecraft:custom":{"minecraft:time_since_rest":35446,"minecraft:blood":1500,"minecraft:magic_shield":0,"minecraft:sprint_one_cm":7732,"minecraft:play_time":35446,"minecraft:walk_one_cm":6822,"minecraft:mob_kills":1,"minecraft:drop":2,"minecraft:dexterity":114,"minecraft:jump":43,"minecraft:intelligence":10,"minecraft:energy":2943,"minecraft:damage_dealt":72,"minecraft:leave_game":4,"minecraft:health":4822,"minecraft:move_speed":0,"minecraft:time_since_death":30322,"minecraft:strength":301,"minecraft:total_world_time":35446,"minecraft:fall_one_cm":894,"minecraft:levels_gained":100,"minecraft:fly_one_cm":6185,"minecraft:mana":0},"minecraft:picked_up":{"minecraft:bone":2,"mmorpg:weapon/staff/wood":2},"minecraft:dropped":{"minecraft:bone":2},"minecraft:killed":{"minecraft:skeleton":1}},"DataVersion":3465}